Workbook

Sheet Summary
A1: SAP Lens validation checklist
A2: Generated from docs/validation/validation-items.csv. Status and Manual approval are recorded by people; automated test evidence is listed separately on the Items sheet. Nothing is approved automatically.
A3: Completion = Passed, Failed and Needs improvement over applicable items. Approved = manually approved over applicable items. Defects and Future Improvements are snapshots taken when the workbook was generated.
A5: Area | B5: Items | C5: Not tested | D5: Passed | E5: Failed | F5: Needs improvement | G5: Blocked | H5: Not applicable | I5: Manual approved | J5: Manual pending | K5: Completion | L5: Approved
A6: Dashboard | B6: =COUNTIFS(Items!$B$2:$B$225,$A6) -> 9 | C6: =COUNTIFS(Items!$B$2:$B$225,$A6,Items!$F$2:$F$225,C$5) -> 9 | D6: =COUNTIFS(Items!$B$2:$B$225,$A6,Items!$F$2:$F$225,D$5) -> 0 | E6: =COUNTIFS(Items!$B$2:$B$225,$A6,Items!$F$2:$F$225,E$5) -> 0 | F6: =COUNTIFS(Items!$B$2:$B$225,$A6,Items!$F$2:$F$225,F$5) -> 0 | G6: =COUNTIFS(Items!$B$2:$B$225,$A6,Items!$F$2:$F$225,G$5) -> 0 | H6: =COUNTIFS(Items!$B$2:$B$225,$A6,Items!$F$2:$F$225,H$5) -> 0 | I6: =COUNTIFS(Items!$B$2:$B$225,$A6,Items!$G$2:$G$225,"Approved") -> 0 | J6: =COUNTIFS(Items!$B$2:$B$225,$A6,Items!$G$2:$G$225,"Pending") -> 9 | K6: =IF(B6-G6=0,0,(D6+E6+F6)/(B6-G6)) -> 0 | L6: =IF(B6-G6=0,0,H6/(B6-G6)) -> 0
A7: Role Lookup | B7: =COUNTIFS(Items!$B$2:$B$225,$A7) -> 10 | C7: =COUNTIFS(Items!$B$2:$B$225,$A7,Items!$F$2:$F$225,C$5) -> 10 | D7: =COUNTIFS(Items!$B$2:$B$225,$A7,Items!$F$2:$F$225,D$5) -> 0 | E7: =COUNTIFS(Items!$B$2:$B$225,$A7,Items!$F$2:$F$225,E$5) -> 0 | F7: =COUNTIFS(Items!$B$2:$B$225,$A7,Items!$F$2:$F$225,F$5) -> 0 | G7: =COUNTIFS(Items!$B$2:$B$225,$A7,Items!$F$2:$F$225,G$5) -> 0 | H7: =COUNTIFS(Items!$B$2:$B$225,$A7,Items!$F$2:$F$225,H$5) -> 0 | I7: =COUNTIFS(Items!$B$2:$B$225,$A7,Items!$G$2:$G$225,"Approved") -> 0 | J7: =COUNTIFS(Items!$B$2:$B$225,$A7,Items!$G$2:$G$225,"Pending") -> 10 | K7: =IF(B7-G7=0,0,(D7+E7+F7)/(B7-G7)) -> 0 | L7: =IF(B7-G7=0,0,H7/(B7-G7)) -> 0
A8: Access Package | B8: =COUNTIFS(Items!$B$2:$B$225,$A8) -> 9 | C8: =COUNTIFS(Items!$B$2:$B$225,$A8,Items!$F$2:$F$225,C$5) -> 8 | D8: =COUNTIFS(Items!$B$2:$B$225,$A8,Items!$F$2:$F$225,D$5) -> 0 | E8: =COUNTIFS(Items!$B$2:$B$225,$A8,Items!$F$2:$F$225,E$5) -> 0 | F8: =COUNTIFS(Items!$B$2:$B$225,$A8,Items!$F$2:$F$225,F$5) -> 1 | G8: =COUNTIFS(Items!$B$2:$B$225,$A8,Items!$F$2:$F$225,G$5) -> 0 | H8: =COUNTIFS(Items!$B$2:$B$225,$A8,Items!$F$2:$F$225,H$5) -> 0 | I8: =COUNTIFS(Items!$B$2:$B$225,$A8,Items!$G$2:$G$225,"Approved") -> 0 | J8: =COUNTIFS(Items!$B$2:$B$225,$A8,Items!$G$2:$G$225,"Pending") -> 9 | K8: =IF(B8-G8=0,0,(D8+E8+F8)/(B8-G8)) -> 0.111111 | L8: =IF(B8-G8=0,0,H8/(B8-G8)) -> 0
A9: User Directory | B9: =COUNTIFS(Items!$B$2:$B$225,$A9) -> 9 | C9: =COUNTIFS(Items!$B$2:$B$225,$A9,Items!$F$2:$F$225,C$5) -> 9 | D9: =COUNTIFS(Items!$B$2:$B$225,$A9,Items!$F$2:$F$225,D$5) -> 0 | E9: =COUNTIFS(Items!$B$2:$B$225,$A9,Items!$F$2:$F$225,E$5) -> 0 | F9: =COUNTIFS(Items!$B$2:$B$225,$A9,Items!$F$2:$F$225,F$5) -> 0 | G9: =COUNTIFS(Items!$B$2:$B$225,$A9,Items!$F$2:$F$225,G$5) -> 0 | H9: =COUNTIFS(Items!$B$2:$B$225,$A9,Items!$F$2:$F$225,H$5) -> 0 | I9: =COUNTIFS(Items!$B$2:$B$225,$A9,Items!$G$2:$G$225,"Approved") -> 0 | J9: =COUNTIFS(Items!$B$2:$B$225,$A9,Items!$G$2:$G$225,"Pending") -> 9 | K9: =IF(B9-G9=0,0,(D9+E9+F9)/(B9-G9)) -> 0 | L9: =IF(B9-G9=0,0,H9/(B9-G9)) -> 0
A10: Account Review | B10: =COUNTIFS(Items!$B$2:$B$225,$A10) -> 9 | C10: =COUNTIFS(Items!$B$2:$B$225,$A10,Items!$F$2:$F$225,C$5) -> 9 | D10: =COUNTIFS(Items!$B$2:$B$225,$A10,Items!$F$2:$F$225,D$5) -> 0 | E10: =COUNTIFS(Items!$B$2:$B$225,$A10,Items!$F$2:$F$225,E$5) -> 0 | F10: =COUNTIFS(Items!$B$2:$B$225,$A10,Items!$F$2:$F$225,F$5) -> 0 | G10: =COUNTIFS(Items!$B$2:$B$225,$A10,Items!$F$2:$F$225,G$5) -> 0 | H10: =COUNTIFS(Items!$B$2:$B$225,$A10,Items!$F$2:$F$225,H$5) -> 0 | I10: =COUNTIFS(Items!$B$2:$B$225,$A10,Items!$G$2:$G$225,"Approved") -> 0 | J10: =COUNTIFS(Items!$B$2:$B$225,$A10,Items!$G$2:$G$225,"Pending") -> 9 | K10: =IF(B10-G10=0,0,(D10+E10+F10)/(B10-G10)) -> 0 | L10: =IF(B10-G10=0,0,H10/(B10-G10)) -> 0
A11: Compare Users | B11: =COUNTIFS(Items!$B$2:$B$225,$A11) -> 5 | C11: =COUNTIFS(Items!$B$2:$B$225,$A11,Items!$F$2:$F$225,C$5) -> 5 | D11: =COUNTIFS(Items!$B$2:$B$225,$A11,Items!$F$2:$F$225,D$5) -> 0 | E11: =COUNTIFS(Items!$B$2:$B$225,$A11,Items!$F$2:$F$225,E$5) -> 0 | F11: =COUNTIFS(Items!$B$2:$B$225,$A11,Items!$F$2:$F$225,F$5) -> 0 | G11: =COUNTIFS(Items!$B$2:$B$225,$A11,Items!$F$2:$F$225,G$5) -> 0 | H11: =COUNTIFS(Items!$B$2:$B$225,$A11,Items!$F$2:$F$225,H$5) -> 0 | I11: =COUNTIFS(Items!$B$2:$B$225,$A11,Items!$G$2:$G$225,"Approved") -> 0 | J11: =COUNTIFS(Items!$B$2:$B$225,$A11,Items!$G$2:$G$225,"Pending") -> 5 | K11: =IF(B11-G11=0,0,(D11+E11+F11)/(B11-G11)) -> 0 | L11: =IF(B11-G11=0,0,H11/(B11-G11)) -> 0
A12: Release Roles | B12: =COUNTIFS(Items!$B$2:$B$225,$A12) -> 5 | C12: =COUNTIFS(Items!$B$2:$B$225,$A12,Items!$F$2:$F$225,C$5) -> 5 | D12: =COUNTIFS(Items!$B$2:$B$225,$A12,Items!$F$2:$F$225,D$5) -> 0 | E12: =COUNTIFS(Items!$B$2:$B$225,$A12,Items!$F$2:$F$225,E$5) -> 0 | F12: =COUNTIFS(Items!$B$2:$B$225,$A12,Items!$F$2:$F$225,F$5) -> 0 | G12: =COUNTIFS(Items!$B$2:$B$225,$A12,Items!$F$2:$F$225,G$5) -> 0 | H12: =COUNTIFS(Items!$B$2:$B$225,$A12,Items!$F$2:$F$225,H$5) -> 0 | I12: =COUNTIFS(Items!$B$2:$B$225,$A12,Items!$G$2:$G$225,"Approved") -> 0 | J12: =COUNTIFS(Items!$B$2:$B$225,$A12,Items!$G$2:$G$225,"Pending") -> 5 | K12: =IF(B12-G12=0,0,(D12+E12+F12)/(B12-G12)) -> 0 | L12: =IF(B12-G12=0,0,H12/(B12-G12)) -> 0
A13: SoD Overview | B13: =COUNTIFS(Items!$B$2:$B$225,$A13) -> 9 | C13: =COUNTIFS(Items!$B$2:$B$225,$A13,Items!$F$2:$F$225,C$5) -> 9 | D13: =COUNTIFS(Items!$B$2:$B$225,$A13,Items!$F$2:$F$225,D$5) -> 0 | E13: =COUNTIFS(Items!$B$2:$B$225,$A13,Items!$F$2:$F$225,E$5) -> 0 | F13: =COUNTIFS(Items!$B$2:$B$225,$A13,Items!$F$2:$F$225,F$5) -> 0 | G13: =COUNTIFS(Items!$B$2:$B$225,$A13,Items!$F$2:$F$225,G$5) -> 0 | H13: =COUNTIFS(Items!$B$2:$B$225,$A13,Items!$F$2:$F$225,H$5) -> 0 | I13: =COUNTIFS(Items!$B$2:$B$225,$A13,Items!$G$2:$G$225,"Approved") -> 0 | J13: =COUNTIFS(Items!$B$2:$B$225,$A13,Items!$G$2:$G$225,"Pending") -> 9 | K13: =IF(B13-G13=0,0,(D13+E13+F13)/(B13-G13)) -> 0 | L13: =IF(B13-G13=0,0,H13/(B13-G13)) -> 0
A14: Risk Matrix | B14: =COUNTIFS(Items!$B$2:$B$225,$A14) -> 17 | C14: =COUNTIFS(Items!$B$2:$B$225,$A14,Items!$F$2:$F$225,C$5) -> 17 | D14: =COUNTIFS(Items!$B$2:$B$225,$A14,Items!$F$2:$F$225,D$5) -> 0 | E14: =COUNTIFS(Items!$B$2:$B$225,$A14,Items!$F$2:$F$225,E$5) -> 0 | F14: =COUNTIFS(Items!$B$2:$B$225,$A14,Items!$F$2:$F$225,F$5) -> 0 | G14: =COUNTIFS(Items!$B$2:$B$225,$A14,Items!$F$2:$F$225,G$5) -> 0 | H14: =COUNTIFS(Items!$B$2:$B$225,$A14,Items!$F$2:$F$225,H$5) -> 0 | I14: =COUNTIFS(Items!$B$2:$B$225,$A14,Items!$G$2:$G$225,"Approved") -> 0 | J14: =COUNTIFS(Items!$B$2:$B$225,$A14,Items!$G$2:$G$225,"Pending") -> 17 | K14: =IF(B14-G14=0,0,(D14+E14+F14)/(B14-G14)) -> 0 | L14: =IF(B14-G14=0,0,H14/(B14-G14)) -> 0
A15: Activity Matrix | B15: =COUNTIFS(Items!$B$2:$B$225,$A15) -> 4 | C15: =COUNTIFS(Items!$B$2:$B$225,$A15,Items!$F$2:$F$225,C$5) -> 4 | D15: =COUNTIFS(Items!$B$2:$B$225,$A15,Items!$F$2:$F$225,D$5) -> 0 | E15: =COUNTIFS(Items!$B$2:$B$225,$A15,Items!$F$2:$F$225,E$5) -> 0 | F15: =COUNTIFS(Items!$B$2:$B$225,$A15,Items!$F$2:$F$225,F$5) -> 0 | G15: =COUNTIFS(Items!$B$2:$B$225,$A15,Items!$F$2:$F$225,G$5) -> 0 | H15: =COUNTIFS(Items!$B$2:$B$225,$A15,Items!$F$2:$F$225,H$5) -> 0 | I15: =COUNTIFS(Items!$B$2:$B$225,$A15,Items!$G$2:$G$225,"Approved") -> 0 | J15: =COUNTIFS(Items!$B$2:$B$225,$A15,Items!$G$2:$G$225,"Pending") -> 4 | K15: =IF(B15-G15=0,0,(D15+E15+F15)/(B15-G15)) -> 0 | L15: =IF(B15-G15=0,0,H15/(B15-G15)) -> 0
A16: Access Explorer | B16: =COUNTIFS(Items!$B$2:$B$225,$A16) -> 9 | C16: =COUNTIFS(Items!$B$2:$B$225,$A16,Items!$F$2:$F$225,C$5) -> 9 | D16: =COUNTIFS(Items!$B$2:$B$225,$A16,Items!$F$2:$F$225,D$5) -> 0 | E16: =COUNTIFS(Items!$B$2:$B$225,$A16,Items!$F$2:$F$225,E$5) -> 0 | F16: =COUNTIFS(Items!$B$2:$B$225,$A16,Items!$F$2:$F$225,F$5) -> 0 | G16: =COUNTIFS(Items!$B$2:$B$225,$A16,Items!$F$2:$F$225,G$5) -> 0 | H16: =COUNTIFS(Items!$B$2:$B$225,$A16,Items!$F$2:$F$225,H$5) -> 0 | I16: =COUNTIFS(Items!$B$2:$B$225,$A16,Items!$G$2:$G$225,"Approved") -> 0 | J16: =COUNTIFS(Items!$B$2:$B$225,$A16,Items!$G$2:$G$225,"Pending") -> 9 | K16: =IF(B16-G16=0,0,(D16+E16+F16)/(B16-G16)) -> 0 | L16: =IF(B16-G16=0,0,H16/(B16-G16)) -> 0
A17: SoD Reviews | B17: =COUNTIFS(Items!$B$2:$B$225,$A17) -> 15 | C17: =COUNTIFS(Items!$B$2:$B$225,$A17,Items!$F$2:$F$225,C$5) -> 14 | D17: =COUNTIFS(Items!$B$2:$B$225,$A17,Items!$F$2:$F$225,D$5) -> 0 | E17: =COUNTIFS(Items!$B$2:$B$225,$A17,Items!$F$2:$F$225,E$5) -> 0 | F17: =COUNTIFS(Items!$B$2:$B$225,$A17,Items!$F$2:$F$225,F$5) -> 1 | G17: =COUNTIFS(Items!$B$2:$B$225,$A17,Items!$F$2:$F$225,G$5) -> 0 | H17: =COUNTIFS(Items!$B$2:$B$225,$A17,Items!$F$2:$F$225,H$5) -> 0 | I17: =COUNTIFS(Items!$B$2:$B$225,$A17,Items!$G$2:$G$225,"Approved") -> 0 | J17: =COUNTIFS(Items!$B$2:$B$225,$A17,Items!$G$2:$G$225,"Pending") -> 15 | K17: =IF(B17-G17=0,0,(D17+E17+F17)/(B17-G17)) -> 0.066667 | L17: =IF(B17-G17=0,0,H17/(B17-G17)) -> 0
... A27: Security and Data Integrity | B27: =COUNTIFS(Items!$B$2:$B$225,$A27) -> 14 | C27: =COUNTIFS(Items!$B$2:$B$225,$A27,Items!$F$2:$F$225,C$5) -> 14 | D27: =COUNTIFS(Items!$B$2:$B$225,$A27,Items!$F$2:$F$225,D$5) -> 0 | E27: =COUNTIFS(Items!$B$2:$B$225,$A27,Items!$F$2:$F$225,E$5) -> 0 | F27: =COUNTIFS(Items!$B$2:$B$225,$A27,Items!$F$2:$F$225,F$5) -> 0 | G27: =COUNTIFS(Items!$B$2:$B$225,$A27,Items!$F$2:$F$225,G$5) -> 0 | H27: =COUNTIFS(Items!$B$2:$B$225,$A27,Items!$F$2:$F$225,H$5) -> 0 | I27: =COUNTIFS(Items!$B$2:$B$225,$A27,Items!$G$2:$G$225,"Approved") -> 0 | J27: =COUNTIFS(Items!$B$2:$B$225,$A27,Items!$G$2:$G$225,"Pending") -> 14 | K27: =IF(B27-G27=0,0,(D27+E27+F27)/(B27-G27)) -> 0 | L27: =IF(B27-G27=0,0,H27/(B27-G27)) -> 0
A28: All areas | B28: =SUM(B6:B27) -> 224 | C28: =SUM(C6:C27) -> 218 | D28: =SUM(D6:D27) -> 0 | E28: =SUM(E6:E27) -> 0 | F28: =SUM(F6:F27) -> 3 | G28: =SUM(G6:G27) -> 3 | H28: =SUM(H6:H27) -> 0 | I28: =SUM(I6:I27) -> 0 | J28: =SUM(J6:J27) -> 224 | K28: =IF(B28-G28=0,0,(D28+E28+F28)/(B28-G28)) -> 0.013393 | L28: =IF(B28-G28=0,0,H28/(B28-G28)) -> 0
A30: Outstanding | B30: Count
A31: Failed items | B31: =COUNTIFS(Items!$F$2:$F$225,"Failed") -> 0
A32: Items needing improvement | B32: =COUNTIFS(Items!$F$2:$F$225,"Needs improvement") -> 3
A33: Blocked items | B33: =COUNTIFS(Items!$F$2:$F$225,"Blocked") -> 3
A34: Items linked to an open finding | B34: =COUNTIFS(Items!$L$2:$L$225,"<>",Items!$F$2:$F$225,"<>Passed") -> 11
A35: Items with automated test evidence | B35: =COUNTIFS(Items!$H$2:$H$225,"<>") -> 83

Sheet Items
A1: ID | B1: Area | C1: Page/component | D1: Validation criterion | E1: Priority | F1: Status | G1: Manual approval | H1: Automated test evidence | I1: Last validated date | J1: Build/commit | K1: Notes | L1: Linked issue or finding | M1: Potential future improvement | N1: Manual validation steps | O1: Known limitations | P1: Implementation reference | Q1: Implementation status | R1: Classification | S1: Retest status
A2: DASH-001 | B2: Dashboard | C2: Dashboard › Access & Risk card | D2: SAP users, role assignment records and risk figures match the loaded data and open the matching filtered view. | E2: Not set | F2: Not tested | G2: Pending | P2: docs/features/DASHBOARD.md; frontend/tests/dashboard-user-transactions.spec.ts | Q2: Not assessed | R2: Unclassified | S2: Not started
A3: DASH-002 | B3: Dashboard | C3: Dashboard › Review Progress card | D3: Completed, not yet reviewed and outdated reviews with the share reviewed; no invented trends. | E3: Not set | F3: Not tested | G3: Pending | P3: docs/features/DASHBOARD.md; frontend/tests/refinement-r2.spec.ts | Q3: Not assessed | R3: Unclassified | S3: Not started
A4: DASH-003 | B4: Dashboard | C4: Dashboard › Directory & Data Health card | D4: Match percentage uses the central thresholds; matched, missing and ambiguous partition the SAP users; position changes are independent. | E4: Not set | F4: Not tested | G4: Pending | P4: docs/features/DASHBOARD.md; frontend/tests/refinement-r2.spec.ts | Q4: Not assessed | R4: Unclassified | S4: Not started
A5: DASH-004 | B5: Dashboard | C5: Dashboard › Segregation of Duties card | D5: Distinct loading, failed, unavailable and ready states; counts open the matching SoD view. | E5: Not set | F5: Not tested | G5: Pending | P5: docs/features/DASHBOARD.md; frontend/tests/sod-dashboard-startup.spec.ts, frontend/tests/sod-overview-heatmap.spec.ts | Q5: Not assessed | R5: Unclassified | S5: Not started
A6: DASH-005 | B6: Dashboard | C6: Dashboard › Data Sources & Configuration | D6: Source cards report Ready, Loading, Refreshing and Failed honestly and link to their settings. | E6: Not set | F6: Not tested | G6: Pending | P6: docs/features/DASHBOARD.md; frontend/tests/startup-reliability.spec.ts | Q6: Not assessed | R6: Unclassified | S6: Not started
A7: DASH-006 | B7: Dashboard | C7: Dashboard › Assignment Distribution | D7: Five ranges (0-5, 6-10, 11-20, 21-30, 31+) over every SAP user with shares and a drilldown to User Access. | E7: Not set | F7: Not tested | G7: Pending | P7: docs/features/DASHBOARD.md; frontend/tests/refinement-round2.spec.ts | Q7: Not assessed | R7: Unclassified | S7: Not started
A8: DASH-007 | B8: Dashboard | C8: Dashboard › Role Distribution | D8: Five areas are listed and the rest open in a dialog; the grid never stretches. | E8: Not set | F8: Not tested | G8: Pending | P8: docs/features/DASHBOARD.md; frontend/tests/refinement-r2.spec.ts | Q8: Not assessed | R8: Unclassified | S8: Not started
A9: DASH-008 | B9: Dashboard | C9: Dashboard › Navigation and Back | D9: KPI and row links open filtered views and browser Back restores the Dashboard. | E9: Not set | F9: Not tested | G9: Pending | P9: docs/features/DASHBOARD.md; frontend/tests/dashboard-user-transactions.spec.ts | Q9: Not assessed | R9: Unclassified | S9: Not started
A10: DASH-009 | B10: Dashboard | C10: Dashboard › Layout | D10: Three columns on wide screens, two on tablet and one on mobile without stretched cards. | E10: Not set | F10: Not tested | G10: Pending | P10: docs/features/DASHBOARD.md; frontend/tests/refinement-completion.spec.ts | Q10: Not assessed | R10: Unclassified | S10: Not started
A11: ROLE-001 | B11: Role Lookup | C11: Role Lookup › Search | D11: Search by role name and description returns the expected roles and keeps results stable. | E11: Not set | F11: Not tested | G11: Pending | P11: docs/features/ROLE_LOOKUP.md; frontend/tests/live-filters-polish.spec.ts | Q11: Not assessed | R11: Unclassified | S11: Not started
A12: ROLE-002 | B12: Role Lookup | C12: Role Lookup › SAP area filters | D12: Module filters narrow roles by catalogue evidence only and never infer a module. | E12: Not set | F12: Not tested | G12: Pending | P12: docs/features/ROLE_LOOKUP.md; frontend/tests/consolidated-role-ui.spec.ts | Q12: Not assessed | R12: Unclassified | S12: Not started
A13: ROLE-003 | B13: Role Lookup | C13: Role Lookup › Transaction filter | D13: Include and exclude transaction codes match exactly and combine with the other filters. | E13: Not set | F13: Not tested | G13: Pending | P13: docs/features/ROLE_LOOKUP.md; frontend/tests/transaction-filter.spec.ts | Q13: Not assessed | R13: Unclassified | S13: Not started
... A18: ROLE-008 | B18: Role Lookup | C18: Role Lookup › Saved filters | D18: Role Lookup filters save, load, rename and delete. | E18: Not set | F18: Not tested | G18: Pending | P18: docs/features/SAVED_FILTERS.md; frontend/tests/saved-filter-migration.spec.ts | Q18: Not assessed | R18: Unclassified | S18: Not started
A19: R8-01 | B19: Role Lookup | C19: Role Lookup › Card header (module badge) | D19: The module pill, description and actions share one centered line of one height for every card; the description ends in an ellipsis when it does not fit (see R81-10); correct in both themes and at 320, 375, 800, 1280 and 1600 px. | E19: Medium | F19: Not tested | G19: Pending | H19: frontend/tests/r8-ui-polish.spec.ts | K19: Root cause: a later override centred the badge against the whole multiline description and let the actions wrap below it. Fixed with first-baseline alignment (R8 phase 1). Superseded in R8 addendum: the header no longer wraps; the full description is available on demand (R81-10). | N19: Look at long and short descriptions in both themes at 375, 800, 1280 and 1600 px. | P19: frontend/src/styles/components.css; frontend/src/components/Shared/RoleEntry.tsx | Q19: Implemented | R19: Unclassified | S19: Not started
A20: PKG-001 | B20: Access Package | C20: Role Lookup and Release Roles › Add to package | D20: Roles can be added and removed from role cards, details and Release Roles; the package bar counts them. | E20: Not set | F20: Not tested | G20: Pending | P20: docs/features/ROLE_LOOKUP.md; frontend/tests/access-package.spec.ts | Q20: Not assessed | R20: Unclassified | S20: Not started
A21: PKG-002 | B21: Access Package | C21: Access Package panel › Suffix configuration | D21: Package default suffix and role-specific suffixes generate the proposed names; exact roles keep their name. | E21: Not set | F21: Not tested | G21: Pending | P21: docs/features/ROLE_LOOKUP.md; frontend/tests/access-package-r2.spec.ts | Q21: Not assessed | R21: Unclassified | S21: Not started
A22: PKG-003 | B22: Access Package | C22: Access Package panel › Suffix eligibility | D22: Only trailing-wildcard patterns or roles ending in a detected organizational suffix take a suffix. | E22: Not set | F22: Not tested | G22: Pending | P22: docs/features/ROLE_LOOKUP.md; frontend/tests/access-package-r2.spec.ts | Q22: Not assessed | R22: Unclassified | S22: Not started
A23: PKG-004 | B23: Access Package | C23: Access Package panel › Validation statuses | D23: Confirmed needs the exact name in imported roles or assignments; wildcard matches are Pattern match; unsupported valid names are Needs attention; invalid names never export. | E23: Not set | F23: Not tested | G23: Pending | P23: docs/features/ROLE_LOOKUP.md; frontend/tests/access-package.spec.ts, frontend/tests/access-package-r2.spec.ts | Q23: Not assessed | R23: Unclassified | S23: Not started
A24: PKG-005 | B24: Access Package | C24: Access Package panel › Clear selection and Clear package | D24: Clear selection clears only selected roles; Clear package confirms and clears only the package; neither looks enabled without a target. | E24: Not set | F24: Not tested | G24: Pending | P24: docs/features/ROLE_LOOKUP.md; frontend/tests/access-package-r2.spec.ts | Q24: Not assessed | R24: Unclassified | S24: Not started
A25: PKG-006 | B25: Access Package | C25: Access Package panel › Copy and CSV export | D25: Copy all names and Export CSV include the Validation column and respect the package contents. | E25: Not set | F25: Not tested | G25: Pending | P25: docs/features/ROLE_LOOKUP.md; frontend/tests/access-package.spec.ts | Q25: Not assessed | R25: Unclassified | S25: Not started
A26: PKG-007 | B26: Access Package | C26: Access Package panel › Package rows | D26: Rows show badge, description, one codeblock, suffix field and status compactly at 375 px. | E26: Not set | F26: Not tested | G26: Pending | P26: docs/features/ROLE_LOOKUP.md; frontend/tests/access-package-r2.spec.ts | Q26: Not assessed | R26: Unclassified | S26: Not started
A27: PKG-008 | B27: Access Package | C27: Access Package panel › Long role names | D27: Long generated names stay on one complete line (font scales in the narrow panel), never wrap or scroll, and copy exactly. | E27: Not set | F27: Not tested | G27: Pending | P27: docs/features/ROLE_LOOKUP.md; frontend/tests/access-package-r2.spec.ts | Q27: Not assessed | R27: Unclassified | S27: Not started
A28: PKG-009 | B28: Access Package | C28: Role Lookup and Release Roles › Floating bars on narrow screens | D28: The package and selection bars together leave most of a 375 px viewport usable. | E28: Low | F28: Needs improvement | G28: Pending | K28: Round 4 visual QA at 375 px: the package bar wraps its two buttons onto separate lines and, with the selection bar, stacks to roughly a quarter of the viewport height. | P28: frontend/src/components/Shared/AccessPackageBar.tsx; docs/features/ROLE_LOOKUP.md | Q28: Not assessed | R28: Improvement opportunity | S28: Not started
A29: UA-001 | B29: User Directory | C29: User directory › User list and search | D29: SAP users list with group, roles and filters; search matches username and name. | E29: Not set | F29: Not tested | G29: Pending | P29: docs/features/USER_ACCESS.md; frontend/tests/investigation-ux.spec.ts | Q29: Not assessed | R29: Unclassified | S29: Not started
A30: UA-002 | B30: User Directory | C30: User detail › Assignments | D30: Assignments show role, validity, catalogue evidence and match status with source evidence. | E30: Not set | F30: Not tested | G30: Pending | P30: docs/features/USER_ACCESS.md; frontend/tests/access-investigation.spec.ts | Q30: Not assessed | R30: Unclassified | S30: Not started
A31: UA-003 | B31: User Directory | C31: User directory › Missing roles filter | D31: ANY and ALL semantics for missing roles behave as documented. | E31: Not set | F31: Not tested | G31: Pending | P31: docs/features/USER_ACCESS.md; frontend/tests/investigation-tools.spec.ts | Q31: Not assessed | R31: Unclassified | S31: Not started
A32: UA-004 | B32: User Directory | C32: User directory › Reverse transaction filter | D32: Users who have or lack transactions are found by exact transaction evidence. | E32: Not set | F32: Not tested | G32: Pending | P32: docs/features/USER_ACCESS.md; frontend/tests/transaction-filter.spec.ts | Q32: Not assessed | R32: Unclassified | S32: Not started
A33: UA-005 | B33: User Directory | C33: User directory › Assignment ranges | D33: Assignment range filter matches the Dashboard distribution. | E33: Not set | F33: Not tested | G33: Pending | P33: docs/features/USER_ACCESS.md; frontend/tests/refinement-round2.spec.ts | Q33: Not assessed | R33: Unclassified | S33: Not started
A34: UA-006 | B34: User Directory | C34: User detail › Expired and future assignments | D34: Expired, future and unknown validity are separated from active assignments. | E34: Not set | F34: Not tested | G34: Pending | P34: docs/features/USER_ACCESS.md; frontend/tests/access-investigation.spec.ts | Q34: Not assessed | R34: Unclassified | S34: Not started
A35: UA-007 | B35: User Directory | C35: User directory › Export | D35: CSV export respects the active filters and includes the expected evidence columns. | E35: Not set | F35: Not tested | G35: Pending | P35: docs/features/USER_ACCESS.md; frontend/tests/user-role-export.spec.ts | Q35: Not assessed | R35: Unclassified | S35: Not started
A36: UA-008 | B36: User Directory | C36: User detail › Return to previous user | D36: The manager card offers Return to previous user only after navigating from another user. | E36: Not set | F36: Not tested | G36: Pending | P36: docs/architecture/NAVIGATION.md; frontend/tests/employee-directory.spec.ts | Q36: Not assessed | R36: Unclassified | S36: Not started
A37: UA-009 | B37: User Directory | C37: User detail › Employee enrichment | D37: Manager relationships and directory fields appear only when the Employee Directory is enabled and matched. | E37: Not set | F37: Not tested | G37: Pending | P37: docs/data/EMPLOYEE_DIRECTORY.md; frontend/tests/employee-directory.spec.ts | Q37: Not assessed | R37: Unclassified | S37: Not started
A38: AR-001 | B38: Account Review | C38: Account Review › Progress section | D38: One compact panel (about one third of the width) shows the completion percentage, N of M SAP users reviewed, a visible progress bar and clickable completed and pending counts; outdated reviews count as pending. | E38: Not set | F38: Not tested | G38: Pending | P38: docs/features/ACCOUNT_REVIEW.md; frontend/tests/account-review-refinement.spec.ts | Q38: Not assessed | R38: Unclassified | S38: Not started
A39: AR-002 | B39: Account Review | C39: Account Review › Action KPIs | D39: The Review attention panel (about two thirds of the width, two columns, icons, right-aligned values) lists accounts requiring review, missing or ambiguous directory matches, position changes and outdated reviews plus a compact AD disabled / SAP valid and unlocked row; each applies its filter and they combine. | E39: Not set | F39: Not tested | G39: Pending | P39: docs/features/ACCOUNT_REVIEW.md; frontend/tests/account-review-refinement.spec.ts, frontend/tests/investigation-tools.spec.ts | Q39: Not assessed | R39: Unclassified | S39: Not started
A40: AR-003 | B40: Account Review | C40: Account Review › Filters | D40: Finding, license classification and decision filters are multi-select (OR within, AND between) with Saved Filters. | E40: Not set | F40: Not tested | G40: Pending | P40: docs/features/ACCOUNT_REVIEW.md; frontend/tests/investigation-filter-refinement.spec.ts | Q40: Not assessed | R40: Unclassified | S40: Not started
... A44: AR-007 | B44: Account Review | C44: Account Review › Directory unavailable | D44: Without an Employee Directory the page says so, keeps SAP-only review available and does not invent matches. | E44: Not set | F44: Not tested | G44: Pending | P44: docs/features/ACCOUNT_REVIEW.md; frontend/tests/account-review-refinement.spec.ts | Q44: Not assessed | R44: Unclassified | S44: Not started
A45: AR-008 | B45: Account Review | C45: Account Review › Progress and attention layout (R6 correction) | D45: Review progress (about 1/3) and Review attention (about 2/3) share one aligned row without a separate row of five oversized KPI cards; the table starts within the first screen; the investigation notice is an accessible information button; panels stack on narrow screens. | E45: Not set | F45: Not tested | G45: Pending | H45: frontend/tests/account-review-refinement.spec.ts (1/3-2/3 ratio, alignment, icons, right-aligned values, stacking at 375 px, filter combination, keyboard, both themes) | K45: Visually checked in light and dark at 1280 and 375 px (screenshots from frontend/tests/account-review-refinement.spec.ts runs, SHOTS option). | N45: Confirm the layout, density and the information button in both themes. | P45: frontend/src/components/Access/AccountReview.tsx; frontend/src/styles/components.css; docs/features/ACCOUNT_REVIEW.md | Q45: Implemented | R45: Unclassified | S45: Not started
A46: R7-02 | B46: Account Review | C46: Account Review, Review attention › All attention KPI tiles occupy one grid cell | D46: All five Review attention tiles have identical size, padding, radius and states; the fifth sits in the left column and the right cell stays empty; warning colors, neutral zero values and click-to-filter are unchanged. | E46: Not set | F46: Not tested | G46: Pending | H46: frontend/tests/account-review-refinement.spec.ts (equal width and height, no column span, left column, light and dark) | K46: Root cause: a grid-column span on the last tile (review-kpi-secondary). Removed. | N46: Check the panel at desktop and narrow widths in both themes. | P46: frontend/src/components/Access/AccountReview.tsx; frontend/src/styles/components.css | Q46: Implemented | R46: Unclassified | S46: Not started
A47: CMP-001 | B47: Compare Users | C47: Compare users › User selection | D47: Two users can be compared; the same user cannot be on both sides. | E47: Not set | F47: Not tested | G47: Pending | P47: docs/features/COMPARE_USERS.md; frontend/tests/investigation-tools.spec.ts | Q47: Not assessed | R47: Unclassified | S47: Not started
A48: CMP-002 | B48: Compare Users | C48: Compare users › Filters | D48: Search, validity, kind, difference and SAP area (multi-select) filter the comparison. | E48: Not set | F48: Not tested | G48: Pending | P48: docs/features/COMPARE_USERS.md; frontend/tests/investigation-filter-refinement.spec.ts | Q48: Not assessed | R48: Unclassified | S48: Not started
A49: CMP-003 | B49: Compare Users | C49: Compare users › Evidence table | D49: Shared, only-left and only-right assignments are labelled with validity evidence and unbroken role names. | E49: Not set | F49: Not tested | G49: Pending | P49: docs/features/COMPARE_USERS.md; frontend/tests/refinement-completion.spec.ts | Q49: Not assessed | R49: Unclassified | S49: Not started
A50: CMP-004 | B50: Compare Users | C50: Compare users › Saved filters | D50: Comparison filters save and load. | E50: Not set | F50: Not tested | G50: Pending | P50: docs/features/SAVED_FILTERS.md; frontend/tests/saved-filter-migration.spec.ts | Q50: Not assessed | R50: Unclassified | S50: Not started
A51: R7-03 | B51: Compare Users | C51: Compare users, role/transaction differences › Evidence and difference badges aligned | D51: Difference and evidence badges start at the same vertical position in every row, SAP User Group sits directly beneath the evidence badge, "No matching evidence" is top-aligned, and rows with several evidence entries do not overlap. | E51: Not set | F51: Not tested | G51: Pending | H51: frontend/tests/investigation-tools.spec.ts (vertical position per row and side) | K51: Root cause: the first evidence item had 8px top padding and its status control an 8px top margin. Both removed for the first entry; both badges share one height. | N51: Check rows with several evidence entries and rows with no evidence in both themes. | P51: frontend/src/styles/components.css | Q51: Implemented | R51: Unclassified | S51: Not started
A52: REL-001 | B52: Release Roles | C52: Release Roles › Filters | D52: SAP User Group (multi-select), release areas and groups, kind and validity dates filter the release matrix. | E52: Not set | F52: Not tested | G52: Pending | P52: docs/features/RELEASE_ROLES.md; frontend/tests/release-roles.spec.ts | Q52: Not assessed | R52: Unclassified | S52: Not started
A53: REL-002 | B53: Release Roles | C53: Release Roles › Release matrix | D53: The matrix shows release roles per group with correct counts and a visible sticky header. | E53: Not set | F53: Not tested | G53: Pending | P53: docs/features/RELEASE_ROLES.md; frontend/tests/release-roles.spec.ts | Q53: Not assessed | R53: Unclassified | S53: Not started
A54: REL-003 | B54: Release Roles | C54: Release Roles › Action toolbar | D54: Compare SAP User Groups, Add filtered roles, Copy role names, Export role list and Export CSV share one height and order. | E54: Not set | F54: Not tested | G54: Pending | P54: docs/features/RELEASE_ROLES.md; frontend/tests/release-roles.spec.ts | Q54: Not assessed | R54: Unclassified | S54: Not started
A55: REL-004 | B55: Release Roles | C55: Release Roles › Users of a release role | D55: The users modal is wide, scrollable and keeps names intact. | E55: Not set | F55: Not tested | G55: Pending | P55: docs/features/RELEASE_ROLES.md; frontend/tests/release-roles.spec.ts | Q55: Not assessed | R55: Unclassified | S55: Not started
A56: REL-005 | B56: Release Roles | C56: Release Roles › Exports | D56: Exports respect the active filters and omit presentation-only grouping. | E56: Not set | F56: Not tested | G56: Pending | P56: docs/features/RELEASE_ROLES.md; frontend/tests/release-roles.spec.ts | Q56: Not assessed | R56: Unclassified | S56: Not started
A57: SODO-001 | B57: SoD Overview | C57: SoD Overview › Conflicts group | D57: Users with potential conflicts, users with more than one risk, user-risk findings and enabled risk definitions open the matching filtered view. | E57: Not set | F57: Not tested | G57: Pending | P57: docs/features/SOD.md; frontend/tests/sod-overview-actionable.spec.ts, frontend/tests/sod-overview-heatmap.spec.ts | Q57: Not assessed | R57: Unclassified | S57: Not started
A58: SODO-002 | B58: SoD Overview | C58: SoD Overview › Reviews group | D58: Activity and risk review counts match the matrices and link to filtered views. | E58: Not set | F58: Not tested | G58: Pending | P58: docs/features/SOD.md; frontend/tests/sod-overview-heatmap.spec.ts | Q58: Not assessed | R58: Unclassified | S58: Not started
A59: SODO-003 | B59: SoD Overview | C59: SoD Overview › Remediation group | D59: Assignments marked for removal, open and overdue actions and remediation awaiting action link to Remediation. | E59: Not set | F59: Not tested | G59: Pending | P59: docs/features/SOD.md; frontend/tests/sod-overview-actionable.spec.ts | Q59: Not assessed | R59: Unclassified | S59: Not started
A60: SODO-004 | B60: SoD Overview | C60: SoD Overview › Card alignment | D60: Conflicts, Reviews and Remediation rows share height and spacing. | E60: Not set | F60: Not tested | G60: Pending | P60: docs/features/SOD.md; frontend/tests/sod-overview-actionable.spec.ts | Q60: Not assessed | R60: Unclassified | S60: Not started
A61: SODO-005 | B61: SoD Overview | C61: SoD Overview › SAP User Group heatmap | D61: Distinct users per group and risk; selections write to page filters or hand over to the matching matrix. | E61: Not set | F61: Not tested | G61: Pending | P61: docs/features/SOD.md; frontend/tests/sod-shared-heatmap.spec.ts | Q61: Not assessed | R61: Unclassified | S61: Not started
A62: SODO-006 | B62: SoD Overview | C62: SoD Overview › Review period and approval | D62: Latest approval and open period progress are shown; empty states are explicit. | E62: Not set | F62: Not tested | G62: Pending | P62: docs/features/SOD.md; frontend/tests/sod-periods.spec.ts | Q62: Not assessed | R62: Unclassified | S62: Not started
A63: SODO-007 | B63: SoD Overview | C63: SoD Overview › Evidence freshness and coverage | D63: Import and check times, change since the last refresh and catalogue coverage are shown with limits. | E63: Not set | F63: Not tested | G63: Pending | P63: docs/features/SOD.md; frontend/tests/sod-overview-heatmap.spec.ts | Q63: Not assessed | R63: Unclassified | S63: Not started
A64: SODO-008 | B64: SoD Overview | C64: SoD Overview › Unavailable states | D64: Disabled SoD, disabled mapping or missing sources show an explained unavailable state, never zero conflicts. | E64: Not set | F64: Not tested | G64: Pending | P64: docs/features/SOD.md; frontend/tests/sod-feature.spec.ts, frontend/tests/sod-dashboard-startup.spec.ts | Q64: Not assessed | R64: Unclassified | S64: Not started
A65: R7-04 | B65: SoD Overview | C65: SoD Overview, Conflicts by SAP User Group › Expanded by default and collapsible | D65: The section is expanded in a new session, can be collapsed and expanded with header and chevron as one toggle (aria-expanded, keyboard, rounded focus ring), keeps its state across SoD tabs in the session and is expanded again in a new session. | E65: Not set | F65: Not tested | G65: Pending | H65: frontend/tests/sod-shared-heatmap.spec.ts | K65: Root cause: the choice was stored in localStorage, so one collapse stayed collapsed forever. It now uses sessionStorage. | N65: Close and reopen the desktop application and confirm the section is expanded again. | O65: A page reload inside one window keeps the choice (session storage). | P65: frontend/src/lib/localPreference.ts; frontend/src/components/Sod/SodGroupHeatmap.tsx | Q65: Implemented | R65: Unclassified | S65: Not started
A66: SODM-001 | B66: Risk Matrix | C66: Risk and Activity Matrix › Identity column | D66: SAP username as a copyable codeblock with the SAP User Group beneath in smaller text. | E66: Not set | F66: Not tested | G66: Pending | P66: docs/features/SOD.md; frontend/tests/sod-matrix-grouping.spec.ts | Q66: Not assessed | R66: Unclassified | S66: Not started
A67: SODM-002 | B67: Risk Matrix | C67: Risk and Activity Matrix › Sticky first column | D67: The first column stays pinned with opaque background and correct stacking while scrolling sideways. | E67: Not set | F67: Not tested | G67: Pending | P67: docs/features/SOD.md; frontend/tests/sod-matrix-grouping.spec.ts | Q67: Not assessed | R67: Unclassified | S67: Not started
A68: SODM-003 | B68: Risk Matrix | C68: Risk and Activity Matrix › Group by SAP User Group | D68: No grouping is the default; grouping lists each user once under a group header with distinct users and finding counts. | E68: Not set | F68: Not tested | G68: Pending | P68: docs/features/SOD.md; frontend/tests/sod-matrix-grouping.spec.ts | Q68: Not assessed | R68: Unclassified | S68: Not started
A69: SODM-004 | B69: Risk Matrix | C69: Risk and Activity Matrix › Collapse and expand groups | D69: Groups collapse individually or all at once and keep their state across paging. | E69: Not set | F69: Not tested | G69: Pending | P69: docs/features/SOD.md; frontend/tests/sod-matrix-grouping.spec.ts | Q69: Not assessed | R69: Unclassified | S69: Not started
A70: SODM-005 | B70: Risk Matrix | C70: Risk and Activity Matrix › Paging with grouping | D70: Paging counts users, group totals cover the whole filtered scope and a continued group is marked. | E70: Not set | F70: Not tested | G70: Pending | P70: docs/features/SOD.md; frontend/tests/sod-matrix-grouping.spec.ts | Q70: Not assessed | R70: Unclassified | S70: Not started
A71: SODM-006 | B71: Risk Matrix | C71: Risk and Activity Matrix › SAP User Group multi-select | D71: Several groups can be selected with the list open; works with grouping and other filters; saved filters load. | E71: Not set | F71: Not tested | G71: Pending | P71: docs/features/SOD.md; frontend/tests/sod-matrix-grouping.spec.ts | Q71: Not assessed | R71: Unclassified | S71: Not started
A72: SODM-007 | B72: Risk Matrix | C72: Risk and Activity Matrix › Status tiles | D72: Tiles filter by review status, combine with sidebar filters and reset together. | E72: Not set | F72: Not tested | G72: Pending | P72: docs/features/SOD.md; frontend/tests/sod-filters-tiles.spec.ts | Q72: Not assessed | R72: Unclassified | S72: Not started
A73: SODM-008 | B73: Risk Matrix | C73: Risk and Activity Matrix › Cell investigation | D73: Cells open the investigation; arrow keys, Home and End move between detected cells. | E73: Not set | F73: Not tested | G73: Pending | P73: docs/features/SOD.md; frontend/tests/sod-governance.spec.ts | Q73: Not assessed | R73: Unclassified | S73: Not started
A74: SODM-009 | B74: Risk Matrix | C74: Risk and Activity Matrix › Export scope | D74: Matrix CSV export follows the active filters and is identical with and without grouping. | E74: Not set | F74: Not tested | G74: Pending | P74: docs/features/SOD.md; frontend/tests/sod-matrix-grouping.spec.ts, frontend/tests/sod-export-ux.spec.ts | Q74: Not assessed | R74: Unclassified | S74: Not started
A75: SODM-010 | B75: Risk Matrix | C75: Risk and Activity Matrix › Decisions preserved | D75: Review decisions look the same in grouped and plain views and are never changed by grouping. | E75: Not set | F75: Not tested | G75: Pending | P75: docs/features/SOD.md; frontend/tests/sod-matrix-grouping.spec.ts | Q75: Not assessed | R75: Unclassified | S75: Not started
A76: SODM-011 | B76: Risk Matrix | C76: Risk and Activity Matrix › Wide matrices | D76: Columns beyond 48 are windowed without losing keyboard navigation or scroll position. | E76: Not set | F76: Not tested | G76: Pending | P76: docs/features/SOD.md; frontend/tests/sod-layout.spec.ts | Q76: Not assessed | R76: Unclassified | S76: Not started
A77: SODM-012 | B77: Risk Matrix | C77: Risk and Activity Matrix › User identity column and grouping (completion) | D77: The first column is a compact, sticky copyable username on one line (the SAP User Group has its own column, see SODM-016); Group by (No grouping default, SAP User Group) gives collapsible groups with distinct user and finding counts, each user once, compatible with sorting, filtering, paging and multi-select group filtering. | E77: Not set | F77: Not tested | G77: Pending | H77: frontend/tests/sod-matrix-grouping.spec.ts; backend/tests/test_sod_governance.py | P77: frontend/src/components/Sod/SodMatrices.tsx; frontend/src/components/Shared/MatrixGrid.tsx; docs/features/SOD.md | Q77: Implemented | R77: Unclassified | S77: Not started
A78: SODM-013 | B78: Risk Matrix | C78: All SoD investigation pages › Shared SoD filter context | D78: SAP User Group, SAP username, risk, activity, transaction code, business area and assigned role follow the user across the SoD pages that offer them without an Apply step; unsupported selections stay stored; local filters stay independent; Clear page filters and Clear all SoD filters differ; the review context is separate. | E78: Not set | F78: Not tested | G78: Pending | H78: frontend/tests/sod-shared-filters.spec.ts | P78: frontend/src/components/Sod/SodShared.tsx; docs/features/SOD.md | Q78: Implemented | R78: Unclassified | S78: Not started
A79: SODM-014 | B79: Risk Matrix | C79: Risk and Activity Matrix › Users per page | D79: A shared Users per page control (10, 25, 50, 100, All; default 50) sits in the matrix toolbar with the sort controls, shows a range such as 1–50 of 244 users with Previous and Next, and keeps its value when switching between Risk and Activity Matrix. | E79: Not set | F79: Not tested | G79: Pending | H79: frontend/tests/sod-matrix-paging.spec.ts; backend/tests/test_sod_governance.py | P79: frontend/src/components/Sod/SodMatrices.tsx; docs/features/SOD.md | Q79: Implemented | R79: Unclassified | S79: Not started
A80: SODM-015 | B80: Risk Matrix | C80: Risk and Activity Matrix › Pagination scope | D80: Pages apply after all filters including the shared SoD filters; a filter or grouping change returns to page 1; grouped pages never repeat a user; All lists every matching user (up to 5000, with a notice beyond that); CSV exports contain every filtered user whatever the page size. | E80: Not set | F80: Not tested | G80: Pending | H80: frontend/tests/sod-matrix-paging.spec.ts; frontend/tests/sod-matrix-grouping.spec.ts | P80: frontend/src/components/Sod/SodMatrices.tsx; backend/routers/sod_governance.py; docs/features/SOD.md | Q80: Implemented | R80: Unclassified | S80: Not started
A81: SODM-016 | B81: Risk Matrix | C81: Risk and Activity Matrix › SAP User Group column | D81: The SAP username is one line; a dedicated SAP User Group column follows it (pinned with it above 640 px), is hidden when grouped by SAP User Group, shows a dash for a missing group, and the matrix sorts by group with missing groups last. Filters, page size, pagination and exports are unchanged. | E81: Not set | F81: Not tested | G81: Pending | H81: frontend/tests/sod-user-group-column.spec.ts; frontend/tests/sod-matrix-grouping.spec.ts; backend/tests/test_sod_governance.py | K81: Checked visually in light and dark at 1280 and 375 px. | N81: Look at both matrices in both themes: one-line usernames, aligned group column, sticky columns, narrow screens. | O81: Below 640 px the group column scrolls away while the username stays pinned. | P81: frontend/src/components/Shared/MatrixGrid.tsx; frontend/src/components/Shared/UserGroup.tsx; frontend/src/components/Sod/SodMatrices.tsx; backend/routers/sod_governance.py | Q81: Implemented | R81: Unclassified | S81: Not started
A82: SODM-017 | B82: Risk Matrix | C82: Matrices, Explorer, Reviews, investigations › Risk and activity pill descriptions | D82: Pills keep their colors, show identifier, name and a concise description on hover, and open a detail popover (keyboard operable, Escape, focus returns) with each value marked imported or local; "No description available" when none exists; pills inside controls with their own action add no nested control. | E82: Not set | F82: Not tested | G82: Pending | H82: frontend/tests/sod-metadata.spec.ts | K82: Checked visually in light and dark; popover shown in Access Explorer. | N82: Hover and open pills in the matrices, Explorer, Reviews and investigations in both themes. | O82: Pills in Reports are not part of the interface (report rendering still reads the local catalogue). | P82: frontend/src/lib/sodAppearance.tsx; frontend/src/components/Shared/Popover.tsx; docs/features/SOD.md | Q82: Implemented | R82: Unclassified | S82: Not started
A83: SODA-001 | B83: Activity Matrix | C83: Activity Matrix › Cells | D83: Cells show the activity review status and the number of supplying roles (×roles); overlapping coverage is flagged; selecting a cell opens the investigation. | E83: Medium | F83: Not tested | G83: Pending | H83: frontend/tests/sod-governance.spec.ts; backend/tests/test_sod_governance.py | N83: Open the Activity Matrix with duplicate role coverage and read the cells in both themes. | P83: frontend/src/components/Sod/SodMatrices.tsx; docs/features/SOD.md | Q83: Implemented | R83: Unclassified | S83: Not started
A84: SODA-002 | B84: Activity Matrix | C84: Activity Matrix › Status tiles | D84: The status tiles (Pending, Approved, Conditional, Removal required, Outdated) count over the whole filtered matrix, toggle the matching filter and use the shared KPI tone mapping. | E84: Medium | F84: Not tested | G84: Pending | H84: frontend/tests/sod-filters-tiles.spec.ts; frontend/tests/kpi-semantic-tones.spec.ts | N84: Select each tile and combine it with sidebar filters. | P84: frontend/src/components/Sod/SodMatrices.tsx; frontend/src/lib/kpiTone.ts | Q84: Implemented | R84: Unclassified | S84: Not started
A85: SODA-003 | B85: Activity Matrix | C85: Activity Matrix › Scope and distinct counts | D85: Only activities that contribute to at least one potential conflict are listed; an activity shared by several risks counts once and totals count distinct users and user-activity pairs. | E85: High | F85: Not tested | G85: Pending | H85: backend/tests/test_sod_governance.py | N85: Compare the totals with the Access Explorer user-activity table. | P85: backend/sod_governance.py; docs/features/SOD.md | Q85: Implemented | R85: Unclassified | S85: Not started
A86: SODA-004 | B86: Activity Matrix | C86: Activity Matrix › Users per page, grouping and SAP User Group column | D86: Users per page (10, 25, 50, 100, All; default 50) is shared with the Risk Matrix, the SAP User Group column appears after SAP user and is hidden when grouped by SAP User Group, and sorting by group puts users without a group last. | E86: Medium | F86: Not tested | G86: Pending | H86: frontend/tests/sod-matrix-paging.spec.ts; frontend/tests/sod-user-group-column.spec.ts | N86: Switch between both matrices and change page size, grouping and sort. | P86: frontend/src/components/Sod/SodMatrices.tsx; frontend/src/components/Shared/MatrixGrid.tsx | Q86: Implemented | R86: Unclassified | S86: Not started
A87: SODX-001 | B87: Access Explorer | C87: Access Explorer › Tables | D87: User risk, user activity, access list and lookup tables show traceable rows with pagination and sorting. | E87: Not set | F87: Not tested | G87: Pending | P87: docs/features/SOD.md; frontend/tests/sod-analysis.spec.ts | Q87: Not assessed | R87: Unclassified | S87: Not started
A88: SODX-002 | B88: Access Explorer | C88: Access Explorer › Evidence modals | D88: Users and roles evidence open in wide modals with compact tables. | E88: Not set | F88: Not tested | G88: Pending | P88: docs/features/SOD.md; frontend/tests/sod-evidence-modals.spec.ts | Q88: Not assessed | R88: Unclassified | S88: Not started
A89: SODX-003 | B89: Access Explorer | C89: Access Explorer › Potential SoD evidence | D89: The dialog separates transactions, single roles, assigned roles, catalogue roles, validity and provenance for both activity sides. | E89: Not set | F89: Not tested | G89: Pending | P89: docs/features/SOD.md; frontend/tests/sod-evidence-modals.spec.ts | Q89: Not assessed | R89: Unclassified | S89: Not started
A90: SODX-004 | B90: Access Explorer | C90: Access Explorer › Filters | D90: Filters including Risks per user and assigned role compose and show active values. | E90: Not set | F90: Not tested | G90: Pending | P90: docs/features/SOD.md; frontend/tests/sod-overview-actionable.spec.ts, frontend/tests/sod-filters-tiles.spec.ts | Q90: Not assessed | R90: Unclassified | S90: Not started
A91: SODX-005 | B91: Access Explorer | C91: Access Explorer › Exports | D91: Exports contain every filtered row across pages. | E91: Not set | F91: Not tested | G91: Pending | P91: docs/features/SOD.md; frontend/tests/sod-export-ux.spec.ts | Q91: Not assessed | R91: Unclassified | S91: Not started
A92: SODX-006 | B92: Access Explorer | C92: Access Explorer › Navigation tab icons (R6 correction) | D92: Users, Assignments, Roles and Role conflicts show the users, list-checks, layers and shield-alert icons at the size of other secondary navigation, keep the active underline, keyboard navigation and focus ring, and selecting a tab shifts no layout. | E92: Not set | F92: Not tested | G92: Pending | H92: frontend/tests/secondary-navigation-icons.spec.ts (icons, 16 px, no background or side border, underline, keyboard, focus ring, no layout shift, light and dark at 375 and 1280 px) | K92: The User Access role sections also gained icons; tabs reserve the bold label width. | N92: Check the tabs and focus ring in both themes. | P92: frontend/src/components/Sod/SodExplorer.tsx; frontend/src/components/Shared/Navigation.tsx; frontend/src/components/Access/UserAccess.tsx | Q92: Implemented | R92: Unclassified | S92: Not started
A93: SODX-007 | B93: Access Explorer | C93: Access Explorer › SAP User Group column | D93: Users (by risk and by activity) and Assignments show SAP user then SAP User Group; Roles and Role conflicts show no group because they aggregate users of different groups. | E93: Not set | F93: Not tested | G93: Pending | H93: frontend/tests/sod-user-group-column.spec.ts; frontend/tests/sod-bulk-review.spec.ts | K93: Column orders: SAP user, SAP User Group, Risk, Activities, Evidence, Risk acceptance, Open. | N93: Check the four tabs in both themes. | P93: frontend/src/components/Sod/SodExplorer.tsx; frontend/src/components/Shared/UserGroup.tsx | Q93: Implemented | R93: Unclassified | S93: Not started
A94: SODX-008 | B94: Access Explorer | C94: Matrices, Explorer, Reviews exports › SAP User Group in CSV exports | D94: Explorer user-risk, user-activity and assignment exports, the review-queue export and the remediation export include the SAP User Group whatever the table shows, with the active filters and unpaged scope. | E94: Not set | F94: Not tested | G94: Pending | H94: backend/tests/test_sod_governance.py; frontend/tests/sod-user-group-column.spec.ts | K94: Added USER_GROUPS to user-activity and review-queue exports and USER_GROUP to the remediation export; other schemas unchanged. | N94: Open an exported file and check the group column. | P94: backend/routers/sod_governance.py | Q94: Implemented | R94: Unclassified | S94: Not started
A95: R7-05 | B95: Access Explorer | C95: Access Explorer, Assignments › No redundant outer KPI container | D95: The status KPI tiles are independent bordered controls without an enclosing card, wrap naturally and do not overflow; counts, semantic colors and click-to-filter are unchanged. | E95: Not set | F95: Not tested | G95: Pending | H95: frontend/tests/sod-assignment-decisions.spec.ts | K95: Root cause: the section reused the Account Review card class (review-progress). Removed. Other SoD KPI groups were audited and carry no card. | N95: Check Assignments at 375 and 1280 px in both themes. | P95: frontend/src/components/Sod/SodExplorer.tsx | Q95: Implemented | R95: Unclassified | S95: Not started
A96: SODV-001 | B96: SoD Reviews | C96: Reviews › Work queue | D96: The queue defaults to assignments needing attention with a progress strip and filterable states. | E96: Not set | F96: Not tested | G96: Pending | P96: docs/features/SOD.md; frontend/tests/sod-assignment-decisions.spec.ts | Q96: Not assessed | R96: Unclassified | S96: Not started
A97: SODV-002 | B97: SoD Reviews | C97: Reviews › Role assignment review | D97: Keep, Investigate and Recommend removal are separate decisions with justification and history. | E97: Not set | F97: Not tested | G97: Pending | P97: docs/features/SOD.md; frontend/tests/sod-assignment-decisions.spec.ts | Q97: Not assessed | R97: Unclassified | S97: Not started
A98: SODV-003 | B98: SoD Reviews | C98: Reviews › Activity review | D98: Activity decisions are separate from assignment decisions and never change detection. | E98: Not set | F98: Not tested | G98: Pending | P98: docs/features/SOD.md; frontend/tests/sod-governance.spec.ts | Q98: Not assessed | R98: Unclassified | S98: Not started
A99: SODV-004 | B99: SoD Reviews | C99: Reviews › Risk acceptance | D99: Acceptance rows lead with Decide, collapse history and require approver details. | E99: Not set | F99: Not tested | G99: Pending | P99: docs/features/SOD.md; frontend/tests/sod-governance.spec.ts | Q99: Not assessed | R99: Unclassified | S99: Not started
A100: SODV-005 | B100: SoD Reviews | C100: Reviews › History and evidence | D100: Decision history shows reviewer, time and evidence version and is immutable. | E100: Not set | F100: Not tested | G100: Pending | P100: docs/features/SOD.md; frontend/tests/sod-governance.spec.ts | Q100: Not assessed | R100: Unclassified | S100: Not started
A101: SODV-006 | B101: SoD Reviews | C101: Reviews › Bulk review | D101: Select all, Clear selection and bulk actions apply to the filtered scope only. | E101: Not set | F101: Not tested | G101: Pending | P101: docs/features/SOD.md; frontend/tests/sod-bulk-review.spec.ts | Q101: Not assessed | R101: Unclassified | S101: Not started
A102: SODV-007 | B102: SoD Reviews | C102: Work Queue and Remediation › Shared KPI filter controls | D102: Work Queue and Remediation filter tiles are the same Kpi control (size, selected state, spacing, typography, hover and focus) with their own filter logic. | E102: Not set | F102: Not tested | G102: Pending | H102: frontend/tests/sod-reviews-r6.spec.ts | N102: Compare the two pages in both themes. | O102: The tracking toggles (All rows, Awaiting action, Verified removals) remain buttons because they have no counts. | P102: frontend/src/components/Sod/SodRemediation.tsx; frontend/src/components/Sod/SodReviews.tsx | Q102: Implemented | R102: Unclassified | S102: Not started
A103: SODV-008 | B103: SoD Reviews | C103: Work Queue and Remediation › Compatibility with the shared SoD filter context | D103: Tile filters work alongside the shared SoD filters; shared selections persist across both pages and tile changes. | E103: Not set | F103: Not tested | G103: Pending | H103: frontend/tests/sod-reviews-r6.spec.ts; frontend/tests/sod-shared-filters.spec.ts | N103: Try a shared group filter together with each tile. | O103: None known. | P103: frontend/src/components/Sod/SodShared.tsx | Q103: Implemented | R103: Unclassified | S103: Not started
A104: SODV-009 | B104: SoD Reviews | C104: Work queue and Remediation › SAP User Group column | D104: Work queue: SAP user, SAP User Group, Progress, Activities, Role assignments, Risk acceptance, Open. Remediation shows the assignment group next to the SAP user; progress, decisions and action tracking are unchanged. | E104: Not set | F104: Not tested | G104: Pending | H104: frontend/tests/sod-user-group-column.spec.ts; backend/tests/test_sod_governance.py | K104: The removal-recommended note moved into the Progress cell. | N104: Check the queue and the remediation table with decisions in both themes. | O104: The remediation header order is only asserted when remediation rows exist in the fixture. | P104: frontend/src/components/Sod/SodReviews.tsx; frontend/src/components/Sod/SodRemediation.tsx | Q104: Implemented | R104: Unclassified | S104: Not started
A105: SODR-001 | B105: SoD Reviews | C105: Remediation › Recommended handling | D105: Groups (remove, investigate, compensating control, maintain, no action) count decided items only. | E105: Not set | F105: Not tested | G105: Pending | P105: docs/features/SOD.md; frontend/tests/sod-governance.spec.ts | Q105: Not assessed | R105: Unclassified | S105: Not started
A106: SODR-002 | B106: SoD Reviews | C106: Remediation › Tracked actions | D106: Actions are created and updated with owner and due date; completion needs evidence. | E106: Not set | F106: Not tested | G106: Pending | P106: docs/features/SOD.md; frontend/tests/sod-governance.spec.ts | Q106: Not assessed | R106: Unclassified | S106: Not started
A107: SODR-003 | B107: SoD Reviews | C107: Remediation › Awaiting action filter | D107: The Awaiting action toggle lists removal recommendations without an action. | E107: Not set | F107: Not tested | G107: Pending | P107: docs/features/SOD.md; frontend/tests/sod-overview-actionable.spec.ts | Q107: Not assessed | R107: Unclassified | S107: Not started
...

Sheet Defects and Findings
A1: ID | B1: Area | C1: Page/component | D1: Priority | E1: Status | F1: Linked issue or finding | G1: Notes | H1: Known limitations
A2: PKG-009 | B2: Access Package | C2: Role Lookup and Release Roles › Floating bars on narrow screens | D2: Low | E2: Needs improvement | G2: Round 4 visual QA at 375 px: the package bar wraps its two buttons onto separate lines and, with the selection bar, stacks to roughly a quarter of the viewport height.
A3: SODR-006 | B3: SoD Reviews | C3: Remediation › Table layout | D3: Low | E3: Needs improvement | G3: Round 3 visual QA: at 1280 px with the filter sidebar open the table scrolls horizontally inside its card, so the Actions column is partly hidden until scrolled. The page itself does not overflow.
A4: UI-016 | B4: Component Library | C4: Components › Info tip trigger size | D4: Low | E4: Needs improvement | G4: Round 4 visual QA: the shared 32 px icon button is taller than headings such as Account review progress.
A5: DEP-005 | B5: Desktop and Startup | C5: Windows › Desktop lifecycle (WebView2) | D5: Not set | E5: Blocked | G5: Not verified in Linux CI: needs a Windows host (see docs/development/TESTING.md, platform limits).
A6: DEP-007 | B6: Desktop and Startup | C6: Windows › Installer | D6: Not set | E6: Blocked | G6: Not verified in Linux CI: needs a Windows host (see docs/development/TESTING.md, platform limits).
A7: DEP-006 | B7: Server and Deployment | C7: Windows › Windows Service | D7: Not set | E7: Blocked | G7: Not verified in Linux CI: needs a Windows host (see docs/development/TESTING.md, platform limits).
A8: DEP-002 | B8: Security and Data Integrity | C8: Runtime › Server mode authentication | D8: Not set | E8: Not tested | F8: SEC-02; SEC-03
A9: SEC-001 | B9: Security and Data Integrity | C9: API › Authentication boundary | D9: High | E9: Not tested | F9: Controls verified (SECURITY_REVIEW_R8) | G9: 122 operations probed in the R8 security review.
A10: SEC-002 | B10: Security and Data Integrity | C10: Exports › Spreadsheet formula neutralisation | D10: Medium | E10: Not tested | F10: SEC-01 (resolved in R8)
A11: SEC-003 | B11: Security and Data Integrity | C11: Server › Access secret and brute-force protection | D11: Medium | E11: Not tested | F11: SEC-02; SEC-03 | G11: No throttling of failed Basic logins; group-readable secret files are accepted (documented limitations). Update R8.1: failed Basic sign-ins are throttled (R81-01) and group-readable secrets need an explicit opt-in (R81-02). | H11: Throttling is per process (see R81-01); distributed guessing relies on the 32 character secret.
A12: SEC-004 | B12: Security and Data Integrity | C12: Server › Source path confinement and uploads | D12: High | E12: Not tested | F12: Controls verified (SECURITY_REVIEW_R8)
A13: SEC-005 | B13: Security and Data Integrity | C13: API › Response headers and content security policy | D13: Low | E13: Not tested | F13: SEC-04
A14: SEC-008 | B14: Security and Data Integrity | C14: Deployment › Container, service and file permissions | D14: High | E14: Not tested | F14: SEC-07 | G14: Static review of Dockerfile, compose.yml and the systemd unit only (R8). Runtime acceptance on systemd, Docker and Windows hosts was not executed. | H14: Not executable on the Linux CI host.
A15: R81-01 | B15: Security and Data Integrity | C15: Server › Failed Basic sign-in throttling | D15: High | E15: Not tested | F15: SEC-02 | G15: Implemented in R8.1 (SEC-02). Automated tests use a fake clock and a TestClient; no real network, proxy or multi-worker deployment was exercised. | H15: State is per process and lost on restart; clients behind one NAT or an unlisted proxy share a lock-out; distributed guessing is slowed, not stopped.
A16: R81-02 | B16: Security and Data Integrity | C16: Server › Access secret file permissions (Linux) | D16: High | E16: Not tested | F16: SEC-03 | G16: Implemented in R8.1 (SEC-03). Judged on the opened file; symlinks resolve to their target. | H16: An existing 0640 secret needs chmod 600 or the opt-in (migration step, documented). Not exercised under real systemd or Docker here.
A17: R81-03 | B17: Server and Deployment | C17: Windows service › Secret file ACL | D17: Medium | E17: Not tested | F17: SEC-03 | G17: Provisioning applies the ACL with icacls (manage-server-service.ps1). Windows ACLs are not evaluated by the Linux tests and not checked at runtime. | H17: Blocked on a Windows host: not run in this validation.
A18: R81-15 | B18: Server and Deployment | C18: Docker and systemd › R8.1 changes | D18: High | E18: Not tested | F18: SEC-07 | G18: The unit passed systemd-analyze verify; it was not booted. Docker was not run. | H18: Blocked here: no real systemd or Docker runtime.

Sheet Future Improvements
A1: ID | B1: Area | C1: Page/component | D1: Priority | E1: Status | F1: Potential future improvement | G1: Notes | H1: Linked issue or finding
A2: PKG-009 | B2: Access Package | C2: Role Lookup and Release Roles › Floating bars on narrow screens | D2: Low | E2: Needs improvement | G2: Round 4 visual QA at 375 px: the package bar wraps its two buttons onto separate lines and, with the selection bar, stacks to roughly a quarter of the viewport height.
A3: SODR-006 | B3: SoD Reviews | C3: Remediation › Table layout | D3: Low | E3: Needs improvement | G3: Round 3 visual QA: at 1280 px with the filter sidebar open the table scrolls horizontally inside its card, so the Actions column is partly hidden until scrolled. The page itself does not overflow.
A4: UI-016 | B4: Component Library | C4: Components › Info tip trigger size | D4: Low | E4: Needs improvement | G4: Round 4 visual QA: the shared 32 px icon button is taller than headings such as Account review progress.
A5: DEP-002 | B5: Security and Data Integrity | C5: Runtime › Server mode authentication | D5: Not set | E5: Not tested | F5: Throttle failed Basic logins and tighten secret-file permissions after a compatibility review (see SEC-003). | H5: SEC-02; SEC-03
A6: SEC-003 | B6: Security and Data Integrity | C6: Server › Access secret and brute-force protection | D6: Medium | E6: Not tested | F6: Share throttle state across workers if the runtime ever scales out. | G6: No throttling of failed Basic logins; group-readable secret files are accepted (documented limitations). Update R8.1: failed Basic sign-ins are throttled (R81-01) and group-readable secrets need an explicit opt-in (R81-02). | H6: SEC-02; SEC-03
A7: SEC-005 | B7: Security and Data Integrity | C7: API › Response headers and content security policy | D7: Low | E7: Not tested | F7: Add a Permissions-Policy header and document HSTS at the TLS-terminating proxy. | H7: SEC-04
A8: SEC-008 | B8: Security and Data Integrity | C8: Deployment › Container, service and file permissions | D8: High | E8: Not tested | F8: Further systemd sandboxing (PrivateDevices, ProtectKernelTunables, RestrictAddressFamilies, SystemCallFilter) after testing under systemd. | G8: Static review of Dockerfile, compose.yml and the systemd unit only (R8). Runtime acceptance on systemd, Docker and Windows hosts was not executed. | H8: SEC-07
A9: R81-01 | B9: Security and Data Integrity | C9: Server › Failed Basic sign-in throttling | D9: High | E9: Not tested | F9: Share counters between workers or hosts, or throttle per forwarded identity at the gateway. | G9: Implemented in R8.1 (SEC-02). Automated tests use a fake clock and a TestClient; no real network, proxy or multi-worker deployment was exercised. | H9: SEC-02
A10: R81-02 | B10: Security and Data Integrity | C10: Server › Access secret file permissions (Linux) | D10: High | E10: Not tested | F10: Verify the owner and effective access through the service account, not only the mode. | G10: Implemented in R8.1 (SEC-03). Judged on the opened file; symlinks resolve to their target. | H10: SEC-03
A11: R81-03 | B11: Server and Deployment | C11: Windows service › Secret file ACL | D11: Medium | E11: Not tested | F11: Check the ACL at start (icacls or the Win32 API) and warn like the POSIX check. | G11: Provisioning applies the ACL with icacls (manage-server-service.ps1). Windows ACLs are not evaluated by the Linux tests and not checked at runtime. | H11: SEC-03
A12: R81-04 | B12: SoD Reports | C12: SoD › Reports › PDF | D12: Medium | E12: Not tested | F12: Show transaction descriptions with their source in the same tables. | G12: Implemented in R8.1. Layout was checked through the model and file validity, not by looking at pages.
